Cluster,Customer_Count,Percentage_Share,BALANCE,BALANCE_FREQUENCY,PURCHASES,ONEOFF_PURCHASES,INSTALLMENTS_PURCHASES,CASH_ADVANCE,PURCHASES_FREQUENCY,ONEOFF_PURCHASES_FREQUENCY,PURCHASES_INSTALLMENTS_FREQUENCY,CASH_ADVANCE_FREQUENCY,CASH_ADVANCE_TRX,PURCHASES_TRX,CREDIT_LIMIT,PAYMENTS,MINIMUM_PAYMENTS,PRC_FULL_PAYMENT,TENURE
0,1472,16.45,115.3631832955163,0.4766706895380435,356.72324728260867,263.5627038043478,93.55575407608696,140.5112877853261,0.2702783797554348,0.10624504279891304,0.15580716983695653,0.024323226902173912,0.43478260869565216,4.143342391304348,3639.2232789850545,767.0444375210598,156.4766205387228,0.18658423777173913,11.263586956521738
1,3005,33.58,2477.8928630485857,0.948043274875208,150.71380366056573,123.66064891846922,27.093643926788683,2138.3092786715474,0.095473,0.05841191014975042,0.03618251381031614,0.2911798319467554,7.120798668885191,1.7287853577371048,4400.2233650988355,1803.4204058216305,1121.4158058595674,0.028170682529118137,11.425291181364393
2,2282,25.5,2179.6081024141104,0.9783788339176162,2838.3344609991236,1910.1283304119193,928.268764241893,769.8608362164769,0.8550948786152498,0.6012572226117441,0.5653675100788782,0.09988133917616127,2.5153374233128836,38.85407537248028,6580.166609123576,3077.3453199460996,1070.7676857962313,0.19519128439964945,11.833041191936898
3,2191,24.48,644.5921308708353,0.9440361474212687,695.3959014148791,83.90555454130535,612.3302738475581,169.61297594340482,0.7998926312186216,0.04929566088544044,0.7455358014605203,0.032319576449109995,0.5928799634869922,14.46554084892743,3025.230511412597,885.7908370515746,692.94186228754,0.2606182994066636,11.4851665905979
